{
  "hash": "5bbd6f34",
  "configHash": "7f992320",
  "lockfileHash": "86743f19",
  "browserHash": "556b9b68",
  "optimized": {
    "@angular/common": {
      "src": "../../../../../../node_modules/@angular/common/fesm2022/common.mjs",
      "file": "@angular_common.js",
      "fileHash": "11a4ee2e",
      "needsInterop": false
    },
    "@angular/common/http": {
      "src": "../../../../../../node_modules/@angular/common/fesm2022/http.mjs",
      "file": "@angular_common_http.js",
      "fileHash": "391c1fef",
      "needsInterop": false
    },
    "@angular/core": {
      "src": "../../../../../../node_modules/@angular/core/fesm2022/core.mjs",
      "file": "@angular_core.js",
      "fileHash": "aebb9cad",
      "needsInterop": false
    },
    "@angular/forms": {
      "src": "../../../../../../node_modules/@angular/forms/fesm2022/forms.mjs",
      "file": "@angular_forms.js",
      "fileHash": "ecfae2da",
      "needsInterop": false
    },
    "@angular/platform-browser": {
      "src": "../../../../../../node_modules/@angular/platform-browser/fesm2022/platform-browser.mjs",
      "file": "@angular_platform-browser.js",
      "fileHash": "438325ea",
      "needsInterop": false
    },
    "@angular/platform-browser/animations": {
      "src": "../../../../../../node_modules/@angular/platform-browser/fesm2022/animations.mjs",
      "file": "@angular_platform-browser_animations.js",
      "fileHash": "ef879449",
      "needsInterop": false
    },
    "@angular/router": {
      "src": "../../../../../../node_modules/@angular/router/fesm2022/router.mjs",
      "file": "@angular_router.js",
      "fileHash": "ed9d2f8e",
      "needsInterop": false
    },
    "@microsoft/signalr": {
      "src": "../../../../../../node_modules/@microsoft/signalr/dist/esm/index.js",
      "file": "@microsoft_signalr.js",
      "fileHash": "7beb1b83",
      "needsInterop": false
    },
    "@ngx-translate/core": {
      "src": "../../../../../../node_modules/@ngx-translate/core/fesm2022/ngx-translate-core.mjs",
      "file": "@ngx-translate_core.js",
      "fileHash": "dc1abef9",
      "needsInterop": false
    },
    "chart.js": {
      "src": "../../../../../../node_modules/chart.js/dist/chart.js",
      "file": "chart__js.js",
      "fileHash": "2275e41a",
      "needsInterop": false
    },
    "file-saver": {
      "src": "../../../../../../node_modules/file-saver/dist/FileSaver.min.js",
      "file": "file-saver.js",
      "fileHash": "3563cc94",
      "needsInterop": true
    },
    "jwt-decode": {
      "src": "../../../../../../node_modules/jwt-decode/build/esm/index.js",
      "file": "jwt-decode.js",
      "fileHash": "2a96022a",
      "needsInterop": false
    },
    "ng2-charts": {
      "src": "../../../../../../node_modules/ng2-charts/fesm2022/ng2-charts.mjs",
      "file": "ng2-charts.js",
      "fileHash": "d40cae6f",
      "needsInterop": false
    },
    "primeng/accordion": {
      "src": "../../../../../../node_modules/primeng/fesm2022/primeng-accordion.mjs",
      "file": "primeng_accordion.js",
      "fileHash": "fefc727e",
      "needsInterop": false
    },
    "primeng/api": {
      "src": "../../../../../../node_modules/primeng/fesm2022/primeng-api.mjs",
      "file": "primeng_api.js",
      "fileHash": "41e6098b",
      "needsInterop": false
    },
    "primeng/button": {
      "src": "../../../../../../node_modules/primeng/fesm2022/primeng-button.mjs",
      "file": "primeng_button.js",
      "fileHash": "0a29e8f2",
      "needsInterop": false
    },
    "primeng/card": {
      "src": "../../../../../../node_modules/primeng/fesm2022/primeng-card.mjs",
      "file": "primeng_card.js",
      "fileHash": "9f987b4e",
      "needsInterop": false
    },
    "primeng/confirmdialog": {
      "src": "../../../../../../node_modules/primeng/fesm2022/primeng-confirmdialog.mjs",
      "file": "primeng_confirmdialog.js",
      "fileHash": "1d3dff4c",
      "needsInterop": false
    },
    "primeng/confirmpopup": {
      "src": "../../../../../../node_modules/primeng/fesm2022/primeng-confirmpopup.mjs",
      "file": "primeng_confirmpopup.js",
      "fileHash": "241fea40",
      "needsInterop": false
    },
    "primeng/dialog": {
      "src": "../../../../../../node_modules/primeng/fesm2022/primeng-dialog.mjs",
      "file": "primeng_dialog.js",
      "fileHash": "29aedefc",
      "needsInterop": false
    },
    "primeng/dropdown": {
      "src": "../../../../../../node_modules/primeng/fesm2022/primeng-dropdown.mjs",
      "file": "primeng_dropdown.js",
      "fileHash": "fbe3e057",
      "needsInterop": false
    },
    "primeng/fileupload": {
      "src": "../../../../../../node_modules/primeng/fesm2022/primeng-fileupload.mjs",
      "file": "primeng_fileupload.js",
      "fileHash": "d7529b2a",
      "needsInterop": false
    },
    "primeng/floatlabel": {
      "src": "../../../../../../node_modules/primeng/fesm2022/primeng-floatlabel.mjs",
      "file": "primeng_floatlabel.js",
      "fileHash": "aa1524c6",
      "needsInterop": false
    },
    "primeng/inputtext": {
      "src": "../../../../../../node_modules/primeng/fesm2022/primeng-inputtext.mjs",
      "file": "primeng_inputtext.js",
      "fileHash": "9df9bd7f",
      "needsInterop": false
    },
    "primeng/menu": {
      "src": "../../../../../../node_modules/primeng/fesm2022/primeng-menu.mjs",
      "file": "primeng_menu.js",
      "fileHash": "d99d8cc2",
      "needsInterop": false
    },
    "primeng/menubar": {
      "src": "../../../../../../node_modules/primeng/fesm2022/primeng-menubar.mjs",
      "file": "primeng_menubar.js",
      "fileHash": "613a3905",
      "needsInterop": false
    },
    "primeng/messages": {
      "src": "../../../../../../node_modules/primeng/fesm2022/primeng-messages.mjs",
      "file": "primeng_messages.js",
      "fileHash": "22e13f60",
      "needsInterop": false
    },
    "primeng/overlay": {
      "src": "../../../../../../node_modules/primeng/fesm2022/primeng-overlay.mjs",
      "file": "primeng_overlay.js",
      "fileHash": "383c9565",
      "needsInterop": false
    },
    "primeng/password": {
      "src": "../../../../../../node_modules/primeng/fesm2022/primeng-password.mjs",
      "file": "primeng_password.js",
      "fileHash": "d4f8130c",
      "needsInterop": false
    },
    "primeng/progressbar": {
      "src": "../../../../../../node_modules/primeng/fesm2022/primeng-progressbar.mjs",
      "file": "primeng_progressbar.js",
      "fileHash": "66e55662",
      "needsInterop": false
    },
    "primeng/scroller": {
      "src": "../../../../../../node_modules/primeng/fesm2022/primeng-scroller.mjs",
      "file": "primeng_scroller.js",
      "fileHash": "42cfeca3",
      "needsInterop": false
    },
    "primeng/table": {
      "src": "../../../../../../node_modules/primeng/fesm2022/primeng-table.mjs",
      "file": "primeng_table.js",
      "fileHash": "788ab92b",
      "needsInterop": false
    },
    "primeng/tabmenu": {
      "src": "../../../../../../node_modules/primeng/fesm2022/primeng-tabmenu.mjs",
      "file": "primeng_tabmenu.js",
      "fileHash": "13806bc7",
      "needsInterop": false
    },
    "primeng/toast": {
      "src": "../../../../../../node_modules/primeng/fesm2022/primeng-toast.mjs",
      "file": "primeng_toast.js",
      "fileHash": "ad703906",
      "needsInterop": false
    },
    "primeng/tooltip": {
      "src": "../../../../../../node_modules/primeng/fesm2022/primeng-tooltip.mjs",
      "file": "primeng_tooltip.js",
      "fileHash": "5b6c0aae",
      "needsInterop": false
    },
    "rxjs": {
      "src": "../../../../../../node_modules/rxjs/dist/esm5/index.js",
      "file": "rxjs.js",
      "fileHash": "bb6504d6",
      "needsInterop": false
    }
  },
  "chunks": {
    "chunk-G4SGZFPP": {
      "file": "chunk-G4SGZFPP.js"
    },
    "chunk-TVUBZXSQ": {
      "file": "chunk-TVUBZXSQ.js"
    },
    "chunk-EOQ2O3UU": {
      "file": "chunk-EOQ2O3UU.js"
    },
    "chunk-B52MO3NZ": {
      "file": "chunk-B52MO3NZ.js"
    },
    "chunk-MDZO5XSL": {
      "file": "chunk-MDZO5XSL.js"
    },
    "chunk-MSZIQJSS": {
      "file": "chunk-MSZIQJSS.js"
    },
    "chunk-HHBOGB3W": {
      "file": "chunk-HHBOGB3W.js"
    },
    "chunk-TIDBEIVC": {
      "file": "chunk-TIDBEIVC.js"
    },
    "chunk-5IYRM2IM": {
      "file": "chunk-5IYRM2IM.js"
    },
    "chunk-UXPPBTCS": {
      "file": "chunk-UXPPBTCS.js"
    },
    "chunk-JHQO3JHB": {
      "file": "chunk-JHQO3JHB.js"
    },
    "chunk-R6NA7Z5O": {
      "file": "chunk-R6NA7Z5O.js"
    },
    "chunk-O2OHJPJN": {
      "file": "chunk-O2OHJPJN.js"
    },
    "chunk-46GMDGJA": {
      "file": "chunk-46GMDGJA.js"
    },
    "chunk-7XYQG5LC": {
      "file": "chunk-7XYQG5LC.js"
    },
    "chunk-YAYPPVWF": {
      "file": "chunk-YAYPPVWF.js"
    },
    "chunk-JPBJS2UH": {
      "file": "chunk-JPBJS2UH.js"
    },
    "chunk-2VNYBEB2": {
      "file": "chunk-2VNYBEB2.js"
    },
    "chunk-EKHEUIGV": {
      "file": "chunk-EKHEUIGV.js"
    },
    "chunk-TM5P4KVT": {
      "file": "chunk-TM5P4KVT.js"
    },
    "chunk-BU3MXXGS": {
      "file": "chunk-BU3MXXGS.js"
    },
    "chunk-XH2X4QUY": {
      "file": "chunk-XH2X4QUY.js"
    },
    "chunk-BUGEQH7Q": {
      "file": "chunk-BUGEQH7Q.js"
    },
    "chunk-2WXYD4BZ": {
      "file": "chunk-2WXYD4BZ.js"
    },
    "chunk-XLRD4ZBU": {
      "file": "chunk-XLRD4ZBU.js"
    },
    "chunk-VDJXAGGS": {
      "file": "chunk-VDJXAGGS.js"
    },
    "chunk-JSPRFLWP": {
      "file": "chunk-JSPRFLWP.js"
    },
    "chunk-MNZSGFWO": {
      "file": "chunk-MNZSGFWO.js"
    },
    "chunk-AUQZQPO4": {
      "file": "chunk-AUQZQPO4.js"
    },
    "chunk-DRHSIGPR": {
      "file": "chunk-DRHSIGPR.js"
    },
    "chunk-VTLYT63F": {
      "file": "chunk-VTLYT63F.js"
    },
    "chunk-NBD2OO3E": {
      "file": "chunk-NBD2OO3E.js"
    },
    "chunk-P6U2JBMQ": {
      "file": "chunk-P6U2JBMQ.js"
    },
    "chunk-XSMZ3EFK": {
      "file": "chunk-XSMZ3EFK.js"
    },
    "chunk-EIB7IA3J": {
      "file": "chunk-EIB7IA3J.js"
    }
  }
}